{
  "products": [
    {
      "id": 1,
      "title": "Syltherine",
      "description": "Stylish cafe chair",
      "currency": "Rs",
      "price": 2500,
      "isDisount": true,
      "discountPercentage": 30,
      "discountPrice": 3500,
      "isNewProcuct": false,
      "textNew": "New",
      "thumbnail": "../../../assets/images/products/Images.png"
    },
    {
      "id": 2,
      "title": "Leviosa",
      "description": "Stylish cafe chair",
      "currency": "Rs",
      "price": 2500.000,
      "isDisount": false,
      "discountPercentage": 0,
      "discountPrice": 2500.000,
      "isNewProcuct": false,
      "textNew": "New",
      "thumbnail": "../../../assets/images/products/image2.png"
    },
    {
      "id": 3,
      "title": "Lolito",
      "description": "Luxury big sofa",
      "currency": "Rs",
      "price": 7000.000,
      "isDisount": true,
      "discountPercentage": 50,
      "discountPrice": 140000.00,
      "isNewProcuct": false,
      "textNew": "New",
      "thumbnail": "../../../assets/images/products/image3.png"
    },
    {
      "id": 4,
      "title": "Respira",
      "description": "Outdoor bar table and stool",
      "currency": "Rs",
      "price": 1500.000,
      "isDisount": false,
      "discountPercentage": 0,
      "discountPrice": 1500.000,
      "isNewProcuct": true,
      "textNew": "New",
      "thumbnail": "../../../assets/images/products/image4.png"
    },
    {
      "id": 5,
      "title": "Grifo",
      "description": "Night lamp",
      "currency": "Rs",
      "price": 150.000,
      "isDisount": false,
      "discountPercentage": 0,
      "discountPrice": 150.000,
      "isNewProcuct": false,
      "textNew": "New",
      "thumbnail": "../../../assets/images/products/Image5.jpg"
    },
    {
      "id": 6,
      "title": "Muggo",
      "description": "Small mug",
      "currency": "Rs",
      "price": 150.000,
      "isDisount": false,
      "discountPercentage": 0,
      "discountPrice": 150.000,
      "isNewProcuct": true,
      "textNew": "New",
      "thumbnail": "../../../assets/images/products/image6.jpg"
    },
    {
      "id": 7,
      "title": "Pingky",
      "description": "Cute bed set",
      "currency": "Rs",
      "price": 250.000,
      "isDisount": true,
      "discountPercentage": 50,
      "discountPrice": 500.000,
      "isNewProcuct": false,
      "textNew": "New",
      "thumbnail": "../../../assets/images/products/image7.png"
    },
    {
      "id": 8,
      "title": "Potty",
      "description": "Minimalist flower pot",
      "currency": "Rs",
      "price": 500.000,
      "isDisount": false,
      "discountPercentage": 0,
      "discountPrice": 5000.000,
      "isNewProcuct": true,
      "textNew": "New",
      "thumbnail": "../../../assets/images/products/image8.png"
    },
    {
      "id": 9,
      "title": "Syltherine",
      "description": "Stylish cafe chair",
      "currency": "Rs",
      "price": 2500,
      "isDisount": true,
      "discountPercentage": 30,
      "discountPrice": 3500,
      "isNewProcuct": false,
      "textNew": "New",
      "thumbnail": "../../../assets/images/products/Images.png"
    },
    {
      "id": 10,
      "title": "Leviosa",
      "description": "Stylish cafe chair",
      "currency": "Rs",
      "price": 2500.000,
      "isDisount": false,
      "discountPercentage": 0,
      "discountPrice": 2500.000,
      "isNewProcuct": false,
      "textNew": "New",
      "thumbnail": "../../../assets/images/products/image2.png"
    },
    {
      "id": 11,
      "title": "Lolito",
      "description": "Luxury big sofa",
      "currency": "Rs",
      "price": 7000.000,
      "isDisount": true,
      "discountPercentage": 50,
      "discountPrice": 140000.00,
      "isNewProcuct": false,
      "textNew": "New",
      "thumbnail": "../../../assets/images/products/image3.png"
    },
    {
      "id": 12,
      "title": "Respira",
      "description": "Outdoor bar table and stool",
      "currency": "Rs",
      "price": 1500.000,
      "isDisount": false,
      "discountPercentage": 0,
      "discountPrice": 1500.000,
      "isNewProcuct": true,
      "textNew": "New",
      "thumbnail": "../../../assets/images/products/image4.png"
    },
    {
      "id": 13,
      "title": "Grifo",
      "description": "Night lamp",
      "currency": "Rs",
      "price": 150.00,
      "isDisount": false,
      "discountPercentage": 0,
      "discountPrice": 150.000,
      "isNewProcuct": false,
      "textNew": "New",
      "thumbnail": "../../../assets/images/products/Image5.jpg"
    },
    {
      "id": 14,
      "title": "Muggo",
      "description": "Small mug",
      "currency": "Rs",
      "price": 150.000,
      "isDisount": false,
      "discountPercentage": 0,
      "discountPrice": 150.00,
      "isNewProcuct": true,
      "textNew": "New",
      "thumbnail": "../../../assets/images/products/image6.jpg"
    },
    {
      "id": 15,
      "title": "Pingky",
      "description": "Cute bed set",
      "currency": "Rs",
      "price": 250.000,
      "isDisount": true,
      "discountPercentage": 50,
      "discountPrice": 500.000,
      "isNewProcuct": false,
      "textNew": "New",
      "thumbnail": "../../../assets/images/products/image7.png"
    },
    {
      "id": 16,
      "title": "Potty",
      "description": "Minimalist flower pot",
      "currency": "Rs",
      "price": 500.000,
      "isDisount": false,
      "discountPercentage": 0,
      "discountPrice": 500.000,
      "isNewProcuct": true,
      "textNew": "New",
      "thumbnail": "../../../assets/images/products/image8.png"
    },
    {
      "id": 17,
      "title": "Syltherine",
      "description": "Stylish cafe chair",
      "currency": "Rs",
      "price": 2500,
      "isDisount": true,
      "discountPercentage": 30,
      "discountPrice": 3500,
      "isNewProcuct": false,
      "textNew": "New",
      "thumbnail": "../../../assets/images/products/Images.png"
    },
    {
      "id": 18,
      "title": "Leviosa",
      "description": "Stylish cafe chair",
      "currency": "Rs",
      "price": 2500.000,
      "isDisount": false,
      "discountPercentage": 0,
      "discountPrice": 2500.000,
      "isNewProcuct": false,
      "textNew": "New",
      "thumbnail": "../../../assets/images/products/image2.png"
    },
    {
      "id": 19,
      "title": "Lolito",
      "description": "Luxury big sofa",
      "currency": "Rs",
      "price": 7000.000,
      "isDisount": true,
      "discountPercentage": 50,
      "discountPrice": 140000.00,
      "isNewProcuct": false,
      "textNew": "New",
      "thumbnail": "../../../assets/images/products/image3.png"
    },
    {
      "id": 20,
      "title": "Respira",
      "description": "Outdoor bar table and stool",
      "currency": "Rs",
      "price": 1500.000,
      "isDisount": false,
      "discountPercentage": 0,
      "discountPrice": 1500.000,
      "isNewProcuct": true,
      "textNew": "New",
      "thumbnail": "../../../assets/images/products/image4.png"
    },
    {
      "id": 21,
      "title": "Grifo",
      "description": "Night lamp",
      "currency": "Rs",
      "price": 150.00,
      "isDisount": false,
      "discountPercentage": 0,
      "discountPrice": 150.000,
      "isNewProcuct": false,
      "textNew": "New",
      "thumbnail": "../../../assets/images/products/Image5.jpg"
    },
    {
      "id": 22,
      "title": "Muggo",
      "description": "Small mug",
      "currency": "Rs",
      "price": 150.000,
      "isDisount": false,
      "discountPercentage": 0,
      "discountPrice": 150.000,
      "isNewProcuct": true,
      "textNew": "New",
      "thumbnail": "../../../assets/images/products/image6.jpg"
    },
    {
      "id": 23,
      "title": "Pingky",
      "description": "Cute bed set",
      "currency": "Rs",
      "price": 250.000,
      "isDisount": true,
      "discountPercentage": 50,
      "discountPrice": 500.000,
      "isNewProcuct": false,
      "textNew": "New",
      "thumbnail": "../../../assets/images/products/image7.png"
    },
    {
      "id": 24,
      "title": "Potty",
      "description": "Minimalist flower pot",
      "currency": "Rs",
      "price": 500.000,
      "isDisount": false,
      "discountPercentage": 0,
      "discountPrice": 500.000,
      "isNewProcuct": true,
      "textNew": "New",
      "thumbnail": "../../../assets/images/products/image8.png"
    }
  ]
}