{
  "hash": "0977816e",
  "configHash": "371e9544",
  "lockfileHash": "f8c0b4b9",
  "browserHash": "f67ff85f",
  "optimized": {
    "@angular/common": {
      "src": "../../../../../node_modules/@angular/common/fesm2022/common.mjs",
      "file": "@angular_common.js",
      "fileHash": "c311596c",
      "needsInterop": false
    },
    "@angular/common/http": {
      "src": "../../../../../node_modules/@angular/common/fesm2022/http.mjs",
      "file": "@angular_common_http.js",
      "fileHash": "4c98ce76",
      "needsInterop": false
    },
    "@angular/core": {
      "src": "../../../../../node_modules/@angular/core/fesm2022/core.mjs",
      "file": "@angular_core.js",
      "fileHash": "2f666eb9",
      "needsInterop": false
    },
    "@angular/platform-browser": {
      "src": "../../../../../node_modules/@angular/platform-browser/fesm2022/platform-browser.mjs",
      "file": "@angular_platform-browser.js",
      "fileHash": "73f05c15",
      "needsInterop": false
    },
    "@angular/router": {
      "src": "../../../../../node_modules/@angular/router/fesm2022/router.mjs",
      "file": "@angular_router.js",
      "fileHash": "01bdcd8b",
      "needsInterop": false
    },
    "swiper/element/bundle": {
      "src": "../../../../../node_modules/swiper/swiper-element-bundle.mjs",
      "file": "swiper_element_bundle.js",
      "fileHash": "ef0e8066",
      "needsInterop": false
    }
  },
  "chunks": {
    "chunk-36J67GDY": {
      "file": "chunk-36J67GDY.js"
    },
    "chunk-5XPEWMY5": {
      "file": "chunk-5XPEWMY5.js"
    },
    "chunk-REBNXBUR": {
      "file": "chunk-REBNXBUR.js"
    },
    "chunk-F4TCRW37": {
      "file": "chunk-F4TCRW37.js"
    },
    "chunk-WDMUDEB6": {
      "file": "chunk-WDMUDEB6.js"
    }
  }
}