{
  "hash": "db127ffc",
  "configHash": "02f45314",
  "lockfileHash": "f8c0b4b9",
  "browserHash": "621ca014",
  "optimized": {
    "@angular/common": {
      "src": "../../../../../node_modules/@angular/common/fesm2022/common.mjs",
      "file": "@angular_common.js",
      "fileHash": "be9e146d",
      "needsInterop": false
    },
    "@angular/common/http": {
      "src": "../../../../../node_modules/@angular/common/fesm2022/http.mjs",
      "file": "@angular_common_http.js",
      "fileHash": "1f626dfc",
      "needsInterop": false
    },
    "@angular/core": {
      "src": "../../../../../node_modules/@angular/core/fesm2022/core.mjs",
      "file": "@angular_core.js",
      "fileHash": "2f996857",
      "needsInterop": false
    },
    "@angular/platform-browser": {
      "src": "../../../../../node_modules/@angular/platform-browser/fesm2022/platform-browser.mjs",
      "file": "@angular_platform-browser.js",
      "fileHash": "befbe8d9",
      "needsInterop": false
    },
    "@angular/platform-server": {
      "src": "../../../../../node_modules/@angular/platform-server/fesm2022/platform-server.mjs",
      "file": "@angular_platform-server.js",
      "fileHash": "851a274f",
      "needsInterop": false
    },
    "@angular/router": {
      "src": "../../../../../node_modules/@angular/router/fesm2022/router.mjs",
      "file": "@angular_router.js",
      "fileHash": "1ba58b65",
      "needsInterop": false
    },
    "swiper/element/bundle": {
      "src": "../../../../../node_modules/swiper/swiper-element-bundle.mjs",
      "file": "swiper_element_bundle.js",
      "fileHash": "26e7defe",
      "needsInterop": false
    }
  },
  "chunks": {
    "chunk-GVSHALWY": {
      "file": "chunk-GVSHALWY.js"
    },
    "chunk-NGLHJSQC": {
      "file": "chunk-NGLHJSQC.js"
    },
    "chunk-PAPLZIXL": {
      "file": "chunk-PAPLZIXL.js"
    },
    "chunk-WL4IQU26": {
      "file": "chunk-WL4IQU26.js"
    },
    "xhr2-AQ42KH57": {
      "file": "xhr2-AQ42KH57.js"
    },
    "chunk-NQ4HTGF6": {
      "file": "chunk-NQ4HTGF6.js"
    }
  }
}